year,region_id,n_kg,p_kg,n_ratio,p_ratio
1972,4,0.722768661752406,0.08035083359712764,39.21101409204786,4.359123237089183
1972,8,10.6603012930603,1.1851151559575508,39.21101409204786,4.359123237089183
1972,10,17.628870752298063,1.9598172074710278,39.21101409204786,4.359123237089183
1972,13,36.25151827752194,4.030113460782876,39.21101409204786,4.359123237089183
1972,16,13.158569199463015,1.4628498163697845,39.21101409204786,4.359123237089183
1973,4,3.61384330876203,0.40175416798563823,39.21101409204786,4.359123237089183
1973,8,53.30150646530149,5.925575779787753,39.21101409204786,4.359123237089183
1973,10,88.14435376149031,9.7990860373551385,39.21101409204786,4.359123237089183
1973,13,181.25759138760966,20.15056730391438,39.21101409204786,4.359123237089183
1973,16,65.79284599731508,7.3142490818489225,39.21101409204786,4.359123237089183
1974,4,18.06921654381015,2.008770839928191,39.21101409204787,4.359123237089183
1974,8,266.5075323265075,29.627878898938764,39.21101409204786,4.359123237089183
1974,10,440.72176880745155,48.99543018677569,39.21101409204786,4.359123237089183
1974,13,906.2879569380483,100.75283651957189,39.21101409204786,4.359123237089183
1974,16,328.96422998657533,36.571245409244604,39.21101409204786,4.359123237089183
1975,4,43.36611970514436,4.821050015827658,39.21101409204786,4.359123237089183
1975,8,639.618077583618,71.10690935745303,39.21101409204786,4.359123237089183
1975,10,1057.7322451378839,117.58903244826166,39.21101409204786,4.359123237089183
1975,13,2175.091096651316,241.80680764697254,39.211014092047854,4.359123237089183
1975,16,789.514151967781,87.77098898218708,39.21101409204786,4.359123237089183
1976,4,57.82149294019248,6.428066687770212,39.21101409204786,4.359123237089183
1976,8,852.8241034448239,94.80921247660405,39.21101409204786,4.359123237089183
1976,10,1410.309660183845,156.78537659768222,39.21101409204786,4.359123237089183
1976,13,2900.1214622017546,322.40907686263006,39.21101409204786,4.359123237089183
1976,16,1052.6855359570413,117.02798530958276,39.21101409204786,4.359123237089183
1977,4,72.2768661752406,8.035083359712765,39.21101409204787,4.359123237089183
1977,8,1066.03012930603,118.51151559575506,39.21101409204786,4.359123237089183
1977,10,1762.8870752298062,195.98172074710277,39.21101409204786,4.359123237089183
1977,13,3625.151827752193,403.01134607828754,39.21101409204786,4.359123237089183
1977,16,1315.8569199463013,146.28498163697842,39.21101409204786,4.359123237089183
1978,4,90.34608271905074,10.043854199640954,39.21101409204786,4.359123237089183
1978,8,1332.5376616325375,148.13939449469385,39.21101409204786,4.359123237089183
1978,10,2203.6088440372578,244.97715093387848,39.21101409204786,4.359123237089183
1978,13,4531.439784690242,503.7641825978595,39.21101409204786,4.359123237089183
1978,16,1644.821149932877,182.85622704622307,39.21101409204786,4.359123237089183
1978,30,3897.8803753753878,433.3308207690213,39.21101409204786,4.359123237089183
1978,32,3798.2217283411887,422.25168052939796,39.21101409204786,4.359123237089183
1978,36,4934.150352625645,548.5338738480689,39.21101409204786,4.359123237089183
1978,38,11190.929033673601,1244.1055128231405,39.21101409204786,4.359123237089183
1978,40,1962.0155165856804,218.11900630268804,39.21101409204786,4.359123237089183
1978,42,5938.513393865216,660.1898045328323,39.21101409204786,4.359123237089183
1979,4,115.64298588038496,12.856133375540423,39.21101409204786,4.359123237089183
1979,8,1705.6482068896478,189.6184249532081,39.21101409204786,4.359123237089183
1979,10,2820.61932036769,313.57075319536443,39.21101409204786,4.359123237089183
1979,13,5800.242924403509,644.8181537252601,39.21101409204786,4.359123237089183
1979,16,2105.3710719140827,234.05597061916552,39.21101409204786,4.359123237089183
1979,30,3825.60818052912,425.2962567250964,39.21101409204786,4.359123237089183
1979,32,3727.797345244628,414.42253935765393,39.21101409204786,4.359123237089183
1979,36,4842.664252144328,538.3632828620107,39.21101409204786,4.359123237089183
1979,38,10983.433439724155,1221.0380434877302,39.21101409204786,4.359123237089183
1979,40,1925.636984139716,214.07477256407208,39.21101409204786,4.359123237089183
1979,42,5828.404987304057,647.9489552522483,39.21101409204786,4.359123237089183
1980,4,144.5537323504812,16.07016671942553,39.21101409204787,4.359123237089183
1980,8,2132.06025861206,237.0230311915101,39.21101409204786,4.359123237089183
1980,10,3525.7741504596124,391.96344149420554,39.21101409204786,4.359123237089183
1980,13,7250.303655504386,806.0226921565751,39.21101409204786,4.359123237089183
1980,16,2631.7138398926027,292.56996327395683,39.21101409204786,4.359123237089183
1980,30,9433.930500599517,1048.7784265336759,39.21101409204786,4.359123237089183
1980,32,9192.72947353776,1021.9638942849954,39.21101409204786,4.359123237089183
1980,36,11941.98564949445,1327.6011433801223,39.21101409204786,4.359123237089183
1980,38,27085.09153020138,3011.0736639155866,39.21101409204786,4.359123237089183
1980,40,4748.611101946554,527.9073106806715,39.21101409204786,4.359123237089183
1980,42,14372.817336450054,1597.8388594255696,39.21101409204786,4.359123237089183
1981,4,162.62294889429134,18.07893755935372,39.21101409204786,4.359123237089183
1981,8,2398.5677909385677,266.6509100904489,39.21101409204786,4.359123237089183
1981,10,3966.495919267064,440.95887168098125,39.21101409204786,4.359123237089183
1981,13,8156.591612442436,906.775528676147,39.21101409204786,4.359123237089183
1981,16,2960.6780698791786,329.1412086832015,39.21101409204786,4.359123237089183
1981,30,10652.921520339904,1184.294740074544,39.21101409204786,4.359123237089183
1981,32,10380.554068433088,1154.015408715079,39.21101409204786,4.359123237089183
1981,36,13485.051210945981,1499.1451113449693,39.21101409204786,4.359123237089183
1981,38,30584.850548148745,3400.1449800395103,39.21101409204786,4.359123237089183
1981,40,5362.195682535154,596.1200530719942,39.21101409204786,4.359123237089183
1981,42,16229.979127114948,1804.301183958087,39.21101409204786,4.359123237089183
1982,4,182.1377027616063,20.248410066476165,39.21101409204786,4.359123237089183
1982,8,2686.3959258511954,298.64901930130276,39.21101409204786,4.359123237089183
1982,10,4442.475429579112,493.873936282699,39.21101409204786,4.359123237089183
1982,13,9135.382605935527,1015.5885921172846,39.21101409204786,4.359123237089183
1982,16,3315.95943826468,368.6381537251857,39.21101409204786,4.359123237089183
1982,30,15543.340038270706,1727.9669070468021,39.21101409204786,4.359123237089183
1982,32,15145.937324633715,1683.7872946697626,39.21101409204786,4.359123237089183
1982,36,19675.610676848366,2187.35510140157,39.21101409204786,4.359123237089183
1982,38,44625.38573872811,4961.043738402289,39.21101409204786,4.359123237089183
1982,40,7823.809711378745,869.7798693850083,39.21101409204786,4.359123237089183
1982,42,23680.647971086757,2632.5986519442736,39.21101409204786,4.359123237089183
1983,1,1189.9687842221585,132.28988586055374,39.21101409204786,4.359123237089183
1983,4,175.27140047495843,19.485077147303453,39.21101409204786,4.359123237089183
1983,5,108.17545453366635,12.025961288158104,39.21101409204786,4.359123237089183
1983,8,2585.1230635671227,287.390425319706,39.21101409204786,4.359123237089183
1983,10,4275.00115743228,475.2556728117242,39.21101409204786,4.359123237089183
1983,11,746.2443388834437,82.96064545886838,39.21101409204786,4.359123237089183
1983,13,8790.99318229907,977.3025142398474,39.21101409204786,4.359123237089183
1983,14,2665.537017795936,296.33011598014565,39.21101409204786,4.359123237089183
1983,16,3190.9530308697813,354.74108046967274,39.21101409204786,4.359123237089183
1983,20,3874.022383140013,430.67850659781993,39.21101409204786,4.359123237089183
1983,26,4847.789180600705,538.9330257069718,39.21101409204786,4.359123237089183
1983,29,3130.222014602724,347.98955949140094,39.21101409204786,4.359123237089183
1983,30,18838.952123260526,2094.343027449782,39.21101409204786,4.359123237089183
1983,32,18357.289193836896,2040.796132101293,39.21101409204786,4.359123237089183
1983,35,477.2662196081081,53.0581092161383,39.21101409204786,4.359123237089183
1983,36,23847.37685879638,2651.134050365821,39.21101409204786,4.359123237089183
1983,37,5603.462737694542,622.9419257228894,39.21101409204786,4.359123237089183
1983,38,54087.18482282298,6012.920340097009,39.21101409204786,4.359123237089183
1983,39,567.7839405857345,63.12104459331714,39.211014092047854,4.359123237089183
1983,40,9482.670790914723,1054.1969278658964,39.21101409204786,4.359123237089183
1983,41,3060.907370005039,340.2837889334897,39.21101409204786,4.359123237089183
1983,42,28701.591310275642,3190.781379138906,39.21101409204786,4.359123237089183
1984,1,1626.8826960410408,180.861993206369,39.21101409204786,4.359123237089183
1984,4,206.3504529303119,22.940162991979943,39.21101409204786,4.359123237089183
1984,5,147.8936064967737,16.4414634924669,39.21101409204786,4.359123237089183
1984,8,3043.5160191687155,338.35037702588073,39.21101409204786,4.359123237089183
1984,10,5033.042599781096,559.5278127329784,39.21101409204786,4.359123237089183
1984,11,1020.2385289809469,113.4208227467514,39.21101409204786,4.359123237089183
1984,13,10349.808468232513,1150.597393053511,39.21101409204786,4.359123237089183
1984,14,3644.226728807578,405.13191975793046,39.21101409204786,4.359123237089183
1984,16,3756.771506446691,417.64362257357345,39.21101409204786,4.359123237089183
1984,20,5296.424631277988,588.8082269307508,39.21101409204786,4.359123237089183
1984,26,6627.72371556753,736.8099276829644,39.21101409204786,4.359123237089183
1984,29,4279.527411009098,475.75886043899,39.21101409204786,4.359123237089183
1984,30,25926.445364517876,2882.265941357359,39.21101409204786,4.359123237089183
1984,32,25263.573696172974,2808.5739096769967,39.21101409204786,4.359123237089183
1984,35,652.5012793448165,72.53914633131744,39.21101409204786,4.359123237089183
1984,36,32819.11377933077,3648.5300063985896,39.21101409204786,4.359123237089183
1984,37,7660.853533922687,851.6638865106966,39.21101409204786,4.359123237089183
1984,38,74435.58606946559,8275.070166256266,39.21101409204786,4.359123237089183
1984,39,776.2538650396012,86.29683111563955,39.21101409204786,4.359123237089183
1984,40,13050.192206115631,1450.801449832836,39.21101409204786,4.359123237089183
1984,41,4184.762911827785,465.22380695981576,39.211014092047854,4.359123237089183
1984,42,39499.55571370671,4391.200665254847,39.21101409204786,4.359123237089183
1985,1,3147.201023345769,349.8771309625392,39.21101409204786,4.359123237089183
1985,4,235.26119940040812,26.15419633586505,39.21101409204786,4.359123237089183
1985,5,286.09985885620415,31.805975227785314,39.21101409204786,4.359123237089183
1985,8,3469.9280708911274,385.7549832641827,39.21101409204786,4.359123237089183
1985,10,5738.197429873019,637.9205010318195,39.21101409204786,4.359123237089183
1985,11,1973.6492067186002,219.41233395987277,39.21101409204786,4.359123237089183
1985,13,11799.86919933339,1311.8019314848261,39.21101409204786,4.359123237089183
1985,14,7049.748650051341,783.7268142042061,39.21101409204786,4.359123237089183
1985,16,4283.114274425212,476.1576152283648,39.21101409204786,4.359123237089183
1985,20,10245.921884961348,1139.0482293900552,39.21101409204786,4.359123237089183
1985,26,12821.317056752909,1425.3571963473942,39.21101409204786,4.359123237089183
1985,29,8278.736432650787,920.3544767444216,39.21101409204786,4.359123237089183
1985,30,32026.218609542895,3560.383146664629,39.21101409204786,4.359123237089183
1985,32,31207.39162952272,3469.353424572198,39.21101409204786,4.359123237089183
1985,35,1262.262300217265,140.326820195518,39.21101409204786,4.359123237089183
1985,36,40540.54065995384,4506.927885621896,39.21101409204786,4.359123237089183
1985,37,14819.904434618998,1647.5419289268061,39.21101409204786,4.359123237089183
1985,38,91948.21419879906,10221.964578164914,39.21101409204786,4.359123237089183
1985,39,1501.6614070416742,166.9410313721761,39.21101409204786,4.359123237089183
1985,40,16120.54034455503,1792.1347773720242,39.21101409204786,4.359123237089183
1985,41,8095.414715893926,899.9744387912594,39.21101409204786,4.359123237089183
1985,42,48792.7052274686,5424.32834453614,39.21101409204786,4.359123237089183
1986,1,4738.562263141372,526.7901723521752,39.21101409204786,4.359123237089183
1986,4,254.05318460597067,28.243318009390364,39.21101409204786,4.359123237089183
1986,5,430.7643473071968,47.88845480120272,39.21101409204786,4.359123237089183
1986,8,3747.095904510695,416.56797731907903,39.21101409204786,4.359123237089183
1986,10,6196.54806943277,688.8757484260663,39.21101409204786,4.359123237089183
1986,11,2971.611785285116,330.35671952874753,39.21101409204786,4.359123237089183
1986,13,12742.40867454896,1416.5848814651808,39.21101409204786,4.359123237089183
1986,14,10614.40710967098,1180.0130588582515,39.21101409204786,4.359123237089183
1986,16,4625.23707361125,514.1917104539792,39.21101409204786,4.359123237089183
1986,20,15426.704057041126,1715.0003814969905,39.21101409204786,4.359123237089183
1986,26,19304.330647526385,2146.07957102418,39.21101409204786,4.359123237089183
1986,29,12464.824380537413,1385.7255891388922,39.21101409204786,4.359123237089183
1986,30,34401.56474682358,3824.4524849082973,39.21101409204787,4.359123237089183
1986,32,33522.00635396303,3726.6711977501873,39.21101409204786,4.359123237089183
1986,35,1900.5168267379588,211.28214237112982,39.21101409204786,4.359123237089183
1986,36,43547.38382910643,4841.201309363673,39.21101409204786,4.359123237089183
1986,37,22313.490424132895,2480.6105340726403,39.21101409204786,4.359123237089183
1986,38,98767.9027199376,10980.115403655405,39.21101409204786,4.359123237089183
1986,39,2260.9664977354328,251.35365220144797,39.21101409204786,4.359123237089183
1986,40,17316.18144427906,1925.0552595812026,39.21101409204786,4.359123237089183
1986,41,12188.807258467828,1355.0405207082845,39.21101409204786,4.359123237089183
1986,42,52411.60152311205,5826.644257558001,39.21101409204786,4.359123237089183
1987,1,5033.390349978504,559.5664724310587,39.21101409204786,4.359123237089183
1987,4,284.0480840686955,31.577877603671162,39.21101409204786,4.359123237089183
1987,5,457.5660270871798,50.868021329313535,39.21101409204786,4.359123237089183
1987,8,4189.498408172698,465.75025629131744,39.21101409204786,4.359123237089183
1987,10,6928.146205653138,770.208162536114,39.21101409204786,4.359123237089183
1987,11,3156.5021737248944,350.91114810512386,39.21101409204786,4.359123237089183
1987,13,14246.846683066122,1583.8345900876702,39.21101409204786,4.359123237089183
1987,14,11274.823743930869,1253.4321622204966,39.21101409204786,4.359123237089183
1987,16,5171.317695388965,574.8999778333252,39.21101409204786,4.359123237089183
1987,20,16386.536468386264,1821.7058025346594,39.21101409204786,4.359123237089183
1987,26,20505.42468331701,2279.60626097546,39.21101409204786,4.359123237089183
1987,29,13240.37192445391,1471.9438979084034,39.21101409204786,4.359123237089183
1987,30,42322.59730197454,4705.040704122476,39.21101409204786,4.359123237089183
1987,32,41240.51874134611,4584.74507017334,39.21101409204786,4.359123237089183
1987,35,2018.7648751781767,224.42788286348647,39.21101409204786,4.359123237089183
1987,36,53574.26044185866,5955.8980814356455,39.21101409204786,4.359123237089183
1987,37,23701.81104272587,2634.951369400998,39.21101409204786,4.359123237089183
1987,38,121509.41981679719,13508.3100428164,39.21101409204786,4.359123237089183
1987,39,2401.641324805928,266.99259757829964,39.21101409204786,4.359123237089183
1987,40,21303.268600356758,2368.3032773335126,39.21101409204786,4.359123237089183
1987,41,12947.181323275046,1439.3496385634476,39.21101409204786,4.359123237089183
1987,42,64479.48288221516,7168.241338710012,39.21101409204786,4.359123237089183
1988,1,7194.87096251338,799.8601904792584,39.21101409204786,4.359123237089183
1988,4,284.0480840686955,31.577877603671162,39.21101409204786,4.359123237089183
1988,5,654.0578601729588,72.71219280347535,39.21101409204786,4.359123237089183
1988,8,4189.498408172698,465.75025629131744,39.21101409204786,4.359123237089183
1988,10,6928.146205653138,770.208162536114,39.21101409204786,4.359123237089183
1988,11,4511.99375644303,501.6023503789191,39.21101409204786,4.359123237089183
1988,13,14246.846683066122,1583.8345900876702,39.21101409204786,4.359123237089183
1988,14,16116.55292401692,1791.6914922918954,39.21101409204786,4.359123237089183
1988,16,5171.317695388965,574.8999778333252,39.21101409204786,4.359123237089183
1988,20,23423.380110597303,2603.997955563834,39.21101409204786,4.359123237089183
1988,26,29311.035777035006,3258.5338614014067,39.21101409204786,4.359123237089183
1988,29,18926.16325545617,2104.038366417411,39.211014092047854,4.359123237089183
1988,30,61426.54747300472,6828.843799733316,39.21101409204786,4.359123237089183
1988,32,59856.030673203735,6654.248053237695,39.21101409204786,4.359123237089183
1988,35,2885.6797845260385,320.8035827381735,39.21101409204786,4.359123237089183
1988,36,77757.08633575319,8644.324298750345,39.21101409204786,4.359123237089183
1988,37,33880.04112000088,3766.474240452873,39.21101409204786,4.359123237089183
1988,38,176357.4218174348,19605.811103809912,39.21101409204786,4.359123237089183
1988,39,3432.9742437504638,381.6467935037727,39.21101409204786,4.359123237089183
1988,40,30919.32734357335,3437.329062241001,39.21101409204786,4.359123237089183
1988,41,18507.068292373755,2057.447207417264,39.21101409204786,4.359123237089183
1988,42,93584.80501654839,10403.905831877726,39.21101409204786,4.359123237089183
1989,1,6331.699575749247,703.9006613326478,39.21101409204786,4.359123237089183
1989,4,211.04844923170253,23.46244341036127,39.21101409204786,4.359123237089183
1989,5,575.5902916604784,63.9888835705726,39.21101409204786,4.359123237089183
1989,8,3112.807977573608,346.0536255396048,39.21101409204786,4.359123237089183
1989,10,5147.630259671035,572.2666245815401,39.21101409204786,4.359123237089183
1989,11,3970.688161372353,441.42492695651606,39.21101409204786,4.359123237089183
1989,13,10585.443337036406,1176.7931305485997,39.21101409204786,4.359123237089183
1989,14,14183.043982750016,1576.7415872674912,39.21101409204786,4.359123237089183
1989,16,3842.3022062432005,427.15214637997707,39.21101409204786,4.359123237089183
1989,20,20613.268352080817,2291.5953373451166,39.21101409204786,4.359123237089183
1989,26,25794.57974453957,2867.606323351275,39.21101409204786,4.359123237089183
1989,29,16655.584301580166,1851.6160889355888,39.21101409204786,4.359123237089183
1989,30,64505.34297345574,7171.116228004522,39.21101409204786,4.359123237089183
1989,32,62856.10939311723,6987.769467153993,39.21101409204786,4.359123237089183
1989,35,2539.483690899859,282.3166557545269,39.21101409204786,4.359123237089183
1989,36,81654.39421625725,9077.591474756422,39.21101409204786,4.359123237089183
1989,37,29815.439790867225,3314.6089032867176,39.21101409204786,4.359123237089183
1989,38,185196.73411968132,20588.485297498402,39.21101409204786,4.359123237089183
1989,39,3021.1190271464834,335.8604835450382,39.21101409204786,4.359123237089183
1989,40,32469.052825771436,3609.6134195060417,39.21101409204786,4.359123237089183
1989,41,16286.768319504426,1810.614488877449,39.21101409204786,4.359123237089183
1989,42,98275.42313605378,10925.366011230604,39.21101409204786,4.359123237089183
1990,1,6262.432736070644,696.2002052900186,39.21101409204786,4.359123237089183
1990,4,204.5435312759309,22.739285907987124,39.21101409204786,4.359123237089183
1990,5,569.2935114712054,63.28886492842609,39.21101409204786,4.359123237089183
1990,8,3016.8652659360646,335.38758913598684,39.21101409204786,4.359123237089183
1990,10,4988.970422900352,554.6282697143008,39.21101409204786,4.359123237089183
1990,11,3927.250058064212,436.59587445965656,39.21101409204786,4.359123237089183
1990,13,10259.179672538708,1140.5221094015537,39.21101409204786,4.359123237089183
1990,14,14027.885857833538,1559.4925208149157,39.21101409204786,4.359123237089183
1990,16,3723.8750834480334,413.986498032649,39.21101409204786,4.359123237089183
1990,20,20387.76555664431,2266.5259914386766,39.21101409204786,4.359123237089183
1990,25,506.6178119387545,56.321151785599355,39.21101409204786,4.359123237089183
1990,26,25512.39500119117,2836.235594989227,39.21101409204786,4.359123237089183
1990,28,1008.2238092500137,112.08513569098493,39.21101409204786,4.359123237089183
1990,29,16473.37734849135,1831.3599802487759,39.21101409204786,4.359123237089183
1990,30,62751.53771185297,6976.144140538609,39.21101409204786,4.359123237089183
1990,31,1108.053402544462,123.18328017807806,39.21101409204786,4.359123237089183
1990,32,61147.14436330734,6797.7823080530025,39.21101409204786,4.359123237089183
1990,34,788.4632022749339,87.65415397209662,39.21101409204786,4.359123237089183
1990,35,2511.7025228928196,279.22819865090094,39.21101409204786,4.359123237089183
1990,36,79434.33151124399,8830.785133494746,39.21101409204786,4.359123237089184
1990,37,29489.268079270085,3278.3481046252364,39.21101409204786,4.359123237089183
1990,38,180161.50770650804,20028.714708292442,39.21101409204786,4.359123237089183
1990,39,2988.06891717209,332.18627348662125,39.21101409204786,4.359123237089183
1990,40,31586.267105082694,3511.4733474489603,39.21101409204786,4.359123237089183
1990,41,16108.596099459355,1790.8069250440071,39.21101409204786,4.359123237089183
1990,42,95603.45913683632,10628.321402021767,39.21101409204786,4.359123237089183
1991,1,4809.605175632248,534.6880759856411,39.21101409204786,4.359123237089183
1991,4,5.420764963143045,0.6026312519784572,39.21101409204786,4.359123237089183
1991,5,437.22258339875896,48.60642263930171,39.21101409204786,4.359123237089183
1991,8,79.95225969795224,8.88836366968163,39.21101409204786,4.359123237089183
1991,10,132.21653064223548,14.698629056032708,39.21101409204786,4.359123237089183
1991,11,3016.163686113978,335.3095938845009,39.21101409204786,4.359123237089183
1991,13,271.8863870814145,30.225850955871568,39.211014092047854,4.359123237089183
1991,14,10773.543648046858,1197.7044090660215,39.21101409204786,4.359123237089183
1991,16,98.68926899597263,10.971373622773385,39.21101409204786,4.359123237089183
1991,20,15657.988975437545,1740.7125311446216,39.21101409204786,4.359123237089183
1991,25,1572.2621749823415,174.7897814035842,39.21101409204786,4.359123237089183
1991,26,19593.75089711449,2178.2546770365366,39.21101409204786,4.359123237089183
1991,28,3128.9704425000427,347.8504211099533,39.21101409204786,4.359123237089183
1991,29,12651.703306782352,1406.501085227931,39.21101409204786,4.359123237089183
1991,30,72537.19289403765,8064.024112086052,39.21101409204786,4.359123237089183
1991,31,3438.78642168971,382.2929384836906,39.21101409204786,4.359123237089183
1991,32,70682.6058345817,7857.848022707153,39.211014092047854,4.359123237089183
1991,34,2446.9547656808295,272.0301330168516,39.21101409204786,4.359123237089183
1991,35,1929.0103323862043,214.44979068254105,39.21101409204786,4.359123237089183
1991,36,91821.54951641418,10207.883153007017,39.21101409204786,4.359123237089183
1991,37,22648.02551295048,2517.801096802365,39.21101409204786,4.359123237089183
1991,38,208256.41112726342,23152.050056307027,39.21101409204786,4.359123237089183
1991,39,2294.8640464271184,255.1220727741833,39.21101409204786,4.359123237089183
1991,40,36511.92039826628,4059.062595657563,39.21101409204786,4.359123237089183
1991,41,12371.54799697559,1375.355970793866,39.21101409204786,4.359123237089183
1991,42,110512.13738521734,12285.732394612845,39.21101409204786,4.359123237089183
1992,1,3825.6608376336267,425.3021106621385,39.21101409204786,4.359123237089183
1992,4,4.6979963013906385,0.5222804183813297,39.21101409204786,4.359123237089183
1992,5,347.77601353062295,38.66256808163068,39.21101409204786,4.359123237089183
1992,8,69.29195840489194,7.70324851372408,39.21101409204786,4.359123237089183
1992,10,114.58765988993741,12.73881184856168,39.21101409204786,4.359123237089183
1992,11,2399.1198596342356,266.71228405731716,39.21101409204786,4.359123237089183
1992,13,235.6348688038926,26.195737495088693,39.21101409204786,4.359123237089183
1992,14,8569.502591540964,952.6792086884085,39.21101409204786,4.359123237089183
1992,16,85.53069979650961,9.5085238064036,39.21101409204786,4.359123237089183
1992,20,12454.692855647147,1384.5992585249317,39.21101409204786,4.359123237089183
1992,25,931.7109185080543,103.57912972064248,39.21101409204786,4.359123237089183
1992,26,15585.280440319279,1732.6294587653986,39.21101409204786,4.359123237089183
1992,28,1854.204706666692,206.1335828799723,39.21101409204786,4.359123237089183
1992,29,10063.430178289953,1118.760464394743,39.21101409204786,4.359123237089183
1992,30,70287.11856115717,7813.88135151852,39.21101409204786,4.359123237089183
1992,31,2037.7993610013098,226.54396354589073,39.21101409204786,4.359123237089183
1992,32,68490.06004084212,7614.100760893521,39.21101409204786,4.359123237089183
1992,34,1450.0472685516027,161.20304178776388,39.21101409204786,4.359123237089183
1992,35,1534.3752791580073,170.57786156949535,39.21101409204786,4.359123237089183
1992,36,88973.28225476254,9891.238753641075,39.21101409204786,4.359123237089183
1992,37,18014.714532826933,2002.7118029956773,39.21101409204786,4.359123237089183
1992,38,201796.3816356372,22433.88284433124,39.21101409204786,4.359123237089183
1992,39,1825.382997047272,202.9294478417987,39.21101409204786,4.359123237089183
1992,40,35379.33542144859,3933.1521185953193,39.21101409204786,4.359123237089183
1992,41,9840.588768643067,1093.9869871085625,39.21101409204786,4.359123237089183
1992,42,107084.09566094656,11904.633953677328,39.21101409204786,4.359123237089183
1993,1,4006.820264485358,445.4417649274765,39.21101409204786,4.359123237089183
1993,4,54.20764963143044,6.026312519784573,39.21101409204786,4.359123237089183
1993,5,364.24451556410645,40.49338606878311,39.21101409204786,4.359123237089183
1993,8,799.5225969795224,88.8836366968163,39.21101409204786,4.359123237089183
1993,10,1322.1653064223547,146.98629056032706,39.21101409204786,4.359123237089183
1993,11,2512.727206747834,279.3421136644881,39.21101409204786,4.359123237089183
1993,13,2718.8638708141452,302.2585095587157,39.21101409204786,4.359123237089183
1993,14,8975.30076439945,997.7921517182217,39.21101409204786,4.359123237089183
1993,16,986.8926899597261,109.71373622773383,39.21101409204786,4.359123237089183
1993,20,13044.469397558014,1450.1652401263907,39.21101409204786,4.359123237089183
1993,25,966.6500779521064,107.46334708516657,39.21101409204786,4.359123237089183
1993,26,16323.30207676894,1814.675979096908,39.21101409204786,4.359123237089183
1993,28,1923.7373831666928,213.86359223797126,39.21101409204786,4.359123237089183
1993,29,10539.971440214546,1171.737979421792,39.21101409204786,4.359123237089183
1993,30,65945.96872405801,7331.2718712800925,39.21101409204786,4.359123237089183
1993,31,2114.2168370388586,235.0393621788616,39.21101409204786,4.359123237089183
1993,32,64259.90209617535,7143.830347844092,39.21101409204786,4.359123237089183
1993,34,1504.4240411222877,167.24815585480505,39.21101409204786,4.359123237089183
1993,35,1607.0337185610326,178.655364763594,39.21101409204786,4.359123237089183
1993,36,83478.01715251816,9280.325255078516,39.21101409204786,4.359123237089183
1993,37,18867.779009311773,2097.5477379564754,39.21101409204786,4.359123237089183
1993,38,189332.81295907366,21048.296852917585,39.21101409204786,4.359123237089183
1993,39,1911.8217462110704,212.53892030227382,39.21101409204786,4.359123237089183
1993,40,33194.198239194324,3690.2284786957866,39.21101409204786,4.359123237089183
1993,41,10306.577651837864,1145.7913848267954,39.21101409204786,4.359123237089183
1993,42,100470.25070683956,11169.36694022358,39.21101409204786,4.359123237089183
1994,1,4223.501147582528,469.5303710095475,39.21101409204787,4.359123237089183
1994,4,36.1384330876203,4.017541679856382,39.21101409204787,4.359123237089183
1994,5,383.94213564337105,42.68318797498503,39.21101409204786,4.359123237089183
1994,8,533.015064653015,59.25575779787753,39.21101409204786,4.359123237089183
1994,10,881.4435376149031,97.990860373551385,39.21101409204786,4.359123237089183
1994,11,2648.610504275864,294.4483804495358,39.21101409204786,4.359123237089183
1994,13,1812.5759138760966,201.50567303914377,39.21101409204786,4.359123237089183
1994,14,9460.667206445873,1051.7507698519198,39.21101409204786,4.359123237089183
1994,16,657.9284599731507,73.14249081848921,39.21101409204786,4.359123237089183
1994,20,13749.888398667092,1528.5872965516655,39.21101409204786,4.359123237089183
1994,25,908.418145545353,100.98965147762642,39.21101409204786,4.359123237089183
1994,26,17206.03383801265,1912.8100524345953,39.21101409204786,4.359123237089183
1994,28,1807.8495890000245,200.98024330797298,39.21101409204786,4.359123237089183
1994,29,11109.952165261608,1235.1032424933603,39.21101409204786,4.359123237089183
1994,30,64153.61829187057,7132.014682990753,39.21101409204786,4.359123237089183
1994,31,1986.8543769762769,220.88036445724345,39.21101409204786,4.359123237089183
1994,32,62513.37739538063,6949.667646784838,39.21101409204786,4.359123237089183
1994,34,1413.7960868378127,157.1729657430698,39.21101409204786,4.359123237089183
1994,35,1693.9389107881807,188.3166921133983,39.21101409204786,4.359123237089183
1994,36,81209.16186058153,9028.094598624275,39.21101409204786,4.359123237089183
1994,37,19888.111030205404,2210.978954282136,39.21101409204786,4.359123237089183
1994,38,184186.92222912732,20476.223613399405,39.21101409204786,4.359123237089183
1994,39,2015.2092697207117,224.03260304911666,39.21101409204786,4.359123237089183
1994,40,32292.01063453441,3589.9314819781107,39.21101409204786,4.359123237089183
1994,41,10863.936904286542,1207.7535075878186,39.21101409204786,4.359123237089183
1994,42,97739.56222412281,10865.793878065097,39.21101409204786,4.359123237089183
1995,1,5191.460830270701,577.1393080155203,39.21101409204786,4.359123237089183
1995,4,18.06921654381015,2.008770839928191,39.21101409204787,4.359123237089183
1995,5,471.9356023909056,52.46549976908379,39.21101409204786,4.359123237089183
1995,8,266.5075323265075,29.627878898938764,39.21101409204786,4.359123237089183
1995,10,440.72176880745155,48.99543018677569,39.21101409204786,4.359123237089183
1995,11,3255.630153069113,361.931293546675,39.21101409204786,4.359123237089183
1995,13,906.2879569380483,100.75283651957189,39.21101409204786,4.359123237089183
1995,14,11628.902541817195,1292.7954164327848,39.21101409204786,4.359123237089183
1995,16,328.96422998657533,36.571245409244604,39.21101409204786,4.359123237089183
1995,20,16901.145411818296,1878.9153355006385,39.21101409204786,4.359123237089183
1995,25,873.478986101301,97.10543411310233,39.21101409204786,4.359123237089183
1995,26,21149.384738650533,2351.1958718529527,39.21101409204786,4.359123237089183
1995,28,1738.3169125000234,193.25023394997402,39.21101409204786,4.359123237089183
1995,29,13656.1775353489,1518.169376706515,39.21101409204786,4.359123237089183
1995,30,66885.5072570595,7435.721203851117,39.21101409204786,4.359123237089183
1995,31,1910.4369009387276,212.38496582427254,39.21101409204786,4.359123237089183
1995,32,65175.41907643063,7245.609183076765,39.21101409204786,4.359123237089183
1995,34,1359.4193142671274,151.12785167602865,39.21101409204786,4.359123237089183
1995,35,2082.1629252455223,231.47590035637646,39.21101409204786,4.359123237089183
1995,36,84667.33645877527,9412.542937897271,39.21101409204786,4.359123237089183
1995,37,24446.151615344996,2717.7003714746356,39.21101409204786,4.359123237089183
1995,38,192030.2556804165,21348.17395427792,39.21101409204786,4.359123237089183
1995,39,2477.0633706449285,275.37733335263584,39.21101409204786,4.359123237089183
1995,40,33667.11916099186,3742.8035172977943,39.21101409204786,4.359123237089183
1995,41,13353.779466454822,1484.5515150038664,39.21101409204786,4.359123237089183
1995,42,101901.65999213465,11328.497980871172,39.21101409204786,4.359123237089183
1996,1,5752.699838948615,639.532746719901,39.21101409204786,4.359123237089183
1996,4,8.673223941028871,0.9642100031655316,39.21101409204786,4.359123237089183
1996,5,522.9556675142468,58.13744569006582,39.21101409204786,4.359123237089183
1996,8,127.9236155167236,14.221381871490609,39.21101409204786,4.359123237089183
1996,10,211.54644902757676,23.517806489652333,39.21101409204786,4.359123237089183
1996,11,3607.590169617125,401.0590009571264,39.21101409204786,4.359123237089183
1996,13,435.0182193302632,48.36136152939451,39.21101409204786,4.359123237089183
1996,14,12886.081194986622,1432.5570830741667,39.21101409204786,4.359123237089183
1996,16,157.90283039355617,17.55419779643741,39.21101409204786,4.359123237089183
1996,20,18728.296267150003,2082.0413177169235,39.21101409204786,4.359123237089183
1996,26,23435.80471039654,2605.3792093505695,39.21101409204786,4.359123237089183
1996,29,15132.521052683915,1682.295795809922,39.21101409204786,4.359123237089183
1996,30,70431.66295084971,7829.950479606371,39.21101409204786,4.359123237089183
1996,32,68630.90880703523,7629.759043237008,39.21101409204786,4.359123237089183
1996,35,2307.2616198666597,256.5003220165253,39.211014092047854,4.359123237089183
1996,36,89156.25445572517,9911.57993561319,39.21101409204786,4.359123237089183
1996,37,27088.97881700391,3011.505817039461,39.21101409204786,4.359123237089183
1996,38,202211.3728235361,22480.017783002066,39.21101409204786,4.359123237089183
1996,39,2744.8540053092456,305.14785587724515,39.21101409204786,4.359123237089183
1996,40,35452.092486340516,3941.240586072551,39.21101409204786,4.359123237089183
1996,41,14797.431300666154,1645.04357067996,39.21101409204786,4.359123237089183
1996,42,107304.3124740689,11929.115652238497,39.21101409204786,4.359123237089183
1997,1,3846.973711380889,427.67148175217824,39.21101409204786,4.359123237089183
1997,4,10.118761264533681,1.1249116703597868,39.21101409204786,4.359123237089183
1997,5,349.7134843580916,38.87795843306038,39.21101409204786,4.359123237089183
1997,8,149.2442181028442,16.59161218340571,39.21101409204786,4.359123237089183
1997,10,246.80419053217287,27.43744090459439,39.21101409204786,4.359123237089183
1997,11,2412.485429882894,268.1981463640431,39.21101409204786,4.359123237089183
1997,13,507.5212558853071,56.42158845096026,39.21101409204786,4.359123237089183
1997,14,8617.243553053726,957.9866137507395,39.21101409204786,4.359123237089183
1997,16,184.2199687924822,20.479897429176983,39.21101409204786,4.359123237089183
1997,20,12524.078331166073,1392.312903419221,39.21101409204786,4.359123237089183
1997,26,15672.106515195712,1742.2819905691058,39.21101409204786,4.359123237089183
1997,29,10119.493856163434,1124.9931132214545,39.21101409204786,4.359123237089183
1997,30,62467.26707879098,6944.541521965836,39.21101409204786,4.359123237089183
1997,32,60870.14178979421,6766.98768611081,39.21101409204786,4.359123237089183
1997,35,1542.9233308524808,171.52815606291873,39.21101409204786,4.359123237089183
1997,36,79074.48618268415,8790.780808949583,39.21101409204786,4.359123237089183
1997,37,18115.075059472205,2013.8689718145947,39.21101409204786,4.359123237089183
1997,38,179345.35837030687,19937.982662239825,39.21101409204786,4.359123237089183
1997,39,1835.5522616547778,204.0599740136193,39.21101409204786,4.359123237089183
1997,40,31443.178210795235,3495.566028077071,39.21101409204786,4.359123237089183
1997,41,9895.410990195396,1100.081622134237,39.21101409204786,4.359123237089183
1997,42,95170.36607102909,10580.174061518135,39.21101409204786,4.359123237089183
1998,1,3598.3235176628264,400.0288190350476,39.21101409204786,4.359123237089183
1998,4,10.84152992628609,1.2052625039569145,39.21101409204786,4.359123237089183
1998,5,327.10965803762394,36.365070999713915,39.21101409204786,4.359123237089183
1998,8,159.9045193959045,17.77672733936326,39.21101409204786,4.359123237089183
1998,10,264.43306128447097,29.397258112065416,39.21101409204786,4.359123237089183
1998,11,2256.5537769818757,250.86308611890647,39.21101409204786,4.359123237089183
1998,13,543.772774162829,60.451701911743136,39.211014092047854,4.359123237089183
1998,14,8060.265668738159,896.0668880235448,39.21101409204786,4.359123237089183
1998,16,197.37853799194525,21.94274724554677,39.21101409204786,4.359123237089183
1998,20,11714.581116778607,1302.3203796525122,39.21101409204786,4.359123237089183
1998,26,14659.135641637353,1629.6691195258577,39.21101409204786,4.359123237089183
1998,29,9465.417614306147,1052.2788769098183,39.21101409204786,4.359123237089183
1998,30,63397.1693191463,7047.919579331005,39.21101409204786,4.359123237089183
1998,32,61776.26885230329,6867.7226358539165,39.21101409204786,4.359123237089183
1998,35,1443.1960610836225,160.4413869729794,39.21101409204786,4.359123237089183
1998,36,80251.60734221041,8921.642412970197,39.21101409204786,4.359123237089183
1998,37,16944.202248610658,1883.7020022605582,39.211014092047854,4.359123237089183
1998,38,182015.13501245642,20234.784101022105,39.21101409204786,4.359123237089183
1998,39,1716.910841233878,190.87050200904557,39.21101409204786,4.359123237089183
1998,40,31911.24866159998,3547.60183551393,39.21101409204786,4.359123237089183
1998,41,9255.818405418224,1028.9775468347018,39.21101409204786,4.359123237089183
1998,42,96587.09423544935,10737.672988928316,39.21101409204786,4.359123237089183
1999,1,3486.430930489698,387.5896208123388,39.21101409204786,4.359123237089183
1999,4,9.757376933657481,1.0847362535612233,39.21101409204786,4.359123237089183
1999,5,316.9379361934135,35.234271654707996,39.21101409204786,4.359123237089183
1999,8,143.91406745631406,15.999054605426934,39.21101409204786,4.359123237089183
1999,10,237.98975515602385,26.457532300858876,39.21101409204786,4.359123237089183
1999,11,2186.384533176418,243.06230900859498,39.21101409204786,4.359123237089183
1999,13,489.39549674654614,54.40653172056882,39.21101409204786,4.359123237089183
1999,14,7809.625620796152,868.2030114463073,39.21101409204786,4.359123237089183
1999,16,177.6406841927507,19.74847252099209,39.21101409204786,4.359123237089183
1999,20,11350.307370304248,1261.8237439574934,39.21101409204786,4.359123237089183
1999,26,14203.298748536094,1578.9933275563963,39.21101409204786,4.359123237089183
1999,29,9171.083305470369,1019.5574705695823,39.21101409204786,4.359123237089183
1999,30,61277.184936989106,6812.239034042538,39.21101409204786,4.359123237089183
1999,32,59710.4869481375,6638.067828149423,39.21101409204786,4.359123237089183
1999,35,1398.3187896876364,155.4523408825067,39.21101409204786,4.359123237089183
1999,36,77568.01506142515,8623.30507737916,39.21101409204786,4.359123237089183
1999,37,16417.309483722966,1825.1268659612417,39.21101409204786,4.359123237089183
1999,38,175928.59758993928,19558.138333850064,39.21101409204786,4.359123237089183
1999,39,1663.5222020444733,184.93523960698738,39.21101409204786,4.359123237089183
1999,40,30844.14504318502,3428.9709791811947,39.21101409204786,4.359123237089183
1999,41,8968.001742268496,996.980712949911,39.21101409204786,4.359123237089183
1999,42,93357.24764298864,10378.608076697852,39.21101409204786,4.359123237089183
2000,1,2804.418970577296,311.7697459310662,39.21101409204786,4.359123237089183
2000,4,9.757376933657481,1.0847362535612233,39.21101409204786,4.359123237089183
2000,5,254.93886971441668,28.34178040895768,39.21101409204786,4.359123237089183
2000,8,143.91406745631406,15.999054605426934,39.21101409204786,4.359123237089183
2000,10,237.98975515602385,26.457532300858876,39.21101409204786,4.359123237089183
2000,11,1758.6862852193397,195.51471519336295,39.21101409204786,4.359123237089183
2000,13,489.39549674654614,54.40653172056882,39.21101409204786,4.359123237089183
2000,14,6281.914852387736,698.3660494517163,39.21101409204786,4.359123237089183
2000,16,177.6406841927507,19.74847252099209,39.21101409204786,4.359123237089183
2000,20,9129.972153698629,1014.9871073402354,39.21101409204786,4.359123237089183
2000,26,11424.864352490318,1270.1123098377739,39.21101409204786,4.359123237089183
2000,29,7377.045613518957,820.1127081148092,39.21101409204786,4.359123237089183
2000,30,63647.71292794669,7075.772734683278,39.21101409204786,4.359123237089183
2000,32,62020.40671370471,6894.86365858263,39.21101409204786,4.359123237089183
2000,35,1124.7811354644816,125.04291709295876,39.21101409204786,4.359123237089183
2000,36,80568.75915721232,8956.900461721867,39.21101409204786,4.359123237089183
2000,37,13205.772631074153,1468.0974637558843,39.21101409204786,4.359123237089183
2000,38,182734.4530714812,20314.75132805153,39.21101409204786,4.359123237089183
2000,39,1338.105734604291,148.758402108728,39.21101409204786,4.359123237089183
2000,40,32037.360907412654,3561.6218458077988,39.21101409204786,4.359123237089183
2000,41,7213.690652593966,801.9523921283287,39.21101409204786,4.359123237089183
2000,42,96968.80337819469,10780.107933101008,39.21101409204786,4.359123237089183
2001,1,3431.3726733092694,381.46874549640273,39.21101409204786,4.359123237089183
2001,4,9.395992602781277,1.0445608367626593,39.21101409204786,4.359123237089183
2001,5,311.93280322245283,34.67784658018128,39.21101409204786,4.359123237089183
2001,8,138.5839168097839,15.40649702744816,39.21101409204786,4.359123237089183
2001,10,229.17531977987483,25.47762369712336,39.21101409204786,4.359123237089183
2001,11,2151.8568100340494,239.22383138288612,39.21101409204786,4.359123237089183
2001,13,471.2697376077852,52.391474990177386,39.21101409204786,4.359123237089183
2001,14,7686.294803554847,854.4922150352855,39.21101409204786,4.359123237089183
2001,16,171.06139959301922,19.0170476128072,39.21101409204786,4.359123237089183
2001,20,11171.061558547022,1241.8968279805792,39.21101409204786,4.359123237089183
2001,26,13978.998055105314,1554.05762039682,39.21101409204786,4.359123237089183
2001,29,9026.252137630541,1003.4564611005771,39.21101409204786,4.359123237089183
2001,30,62794.90102876073,6980.964878964963,39.21101409204786,4.359123237089183
2001,32,61189.39899316528,6802.479792756049,39.21101409204786,4.359123237089183
2001,35,1376.2363228102458,152.99741344116296,39.21101409204786,4.359123237089183
2001,36,79489.22317153278,8836.88748808638,39.21101409204786,4.359123237089183
2001,37,16158.044789889336,1796.304179845705,39.21101409204786,4.359123237089183
2001,38,180286.0050628777,20042.555189893686,39.21101409204786,4.359123237089183
2001,39,1637.2516018084168,182.01471366311748,39.21101409204786,4.359123237089183
2001,40,31608.094224550277,3513.8998876921305,39.21101409204786,4.359123237089183
2001,41,8826.37766992498,981.2362391335853,39.21101409204786,4.359123237089183
2001,42,95669.52418077302,10635.665911590118,39.21101409204786,4.359123237089183
2002,1,2852.3729365086374,317.1008308836557,39.21101409204786,4.359123237089183
2002,2,45514.026782613044,5059.834751935795,39.21101409204786,4.359123237089183
2002,3,30844.34689236056,3428.9934189331843,39.21101409204786,4.359123237089183
2002,4,8.311839610152667,0.9240345863669678,39.211014092047854,4.359123237089183
2002,5,259.2981790762212,28.8264086996745,39.21101409204786,4.359123237089183
2002,6,1750.2380419349493,194.57551648947026,39.21101409204786,4.359123237089183
2002,7,3595.967639842695,399.7669140068999,39.21101409204786,4.359123237089183
2002,8,122.59346487019344,13.628824293511833,39.21101409204786,4.359123237089183
2002,9,3403.8562183724375,378.4097167797293,39.21101409204786,4.359123237089183
2002,10,202.73201365142774,22.53789788591682,39.21101409204786,4.359123237089183
2002,11,1788.7588182788215,198.85790538349644,39.21101409204786,4.359123237089183
2002,12,18658.510384406247,2074.283159196081,39.21101409204786,4.359123237089183
2002,13,416.89246019150227,46.34630479900307,39.21101409204786,4.359123237089183
2002,14,6389.332015791451,710.307710841961,39.21101409204786,4.359123237089183
2002,15,21276.977980010706,2365.3805257362465,39.21101409204786,4.359123237089183
2002,16,151.32354579382468,16.82277288825252,39.21101409204786,4.359123237089183
2002,20,9286.08947361621,1032.3428083523863,39.21101409204786,4.359123237089183
2002,26,11620.223020962287,1291.8305063961145,39.21101409204786,4.359123237089183
2002,29,7503.18888873429,834.1361679749103,39.21101409204786,4.359123237089183
2002,30,57822.57402333749,6428.186872742923,39.21101409204786,4.359123237089183
2002,32,56344.20143612189,6263.834880140056,39.21101409204786,4.359123237089183
2002,35,1144.014251777047,127.18107970316134,39.21101409204786,4.359123237089183
2002,36,73194.97945841824,8137.150828245581,39.21101409204786,4.359123237089183
2002,37,13431.583816026023,1493.2010935984483,39.21101409204786,4.359123237089183
2002,38,166010.30819915564,18455.513299617443,39.21101409204786,4.359123237089183
2002,39,1360.9865799711788,151.30208599532438,39.21101409204786,4.359123237089183
2002,40,29105.251192267922,3235.656606475351,39.21101409204786,4.359123237089183
2002,41,7337.040651086707,815.6653209360964,39.21101409204786,4.359123237089183
2002,42,88094.06580936523,9793.495481085936,39.21101409204786,4.359123237089183
2003,1,1882.6371810081912,209.2944462868462,39.21101409204786,4.359123237089183
2003,2,113378.30942649045,12604.367284220118,39.21101409204786,4.359123237089183
2003,3,76835.21220223025,8541.83873314682,39.21101409204786,4.359123237089182
2003,4,6.866302286647857,0.7633329191727126,39.21101409204786,4.359123237089183
2003,5,171.14325642639753,19.02614770962327,39.21101409204786,4.359123237089183
2003,6,4359.953278498349,484.69987550716576,39.21101409204786,4.359123237089183
2003,7,8957.782041677758,995.8445797650714,39.21101409204786,4.359123237089183
2003,8,101.27286228407284,11.25859398159673,39.21101409204786,4.359123237089183
2003,9,8479.220382173296,942.6424553459295,39.21101409204786,4.359123237089183
2003,10,167.4742721468316,18.618263470974764,39.21101409204786,4.359123237089183
2003,11,1180.6253719648512,131.2511704274634,39.21101409204786,4.359123237089183
2003,12,46479.5253978436,5167.170089888263,39.21101409204786,4.359123237089183
2003,13,344.3894236364584,38.28607787743732,39.21101409204786,4.359123237089183
2003,14,4217.118266960734,468.820780505902,39.21101409204786,4.359123237089183
2003,15,53002.29321831453,5892.311977563105,39.21101409204786,4.359123237089183
2003,16,125.00640739489864,13.897073255512952,39.21101409204786,4.359123237089183
2003,20,6129.050337505095,681.3719656622226,39.21101409204786,4.359123237089183
2003,26,7669.636614084697,852.6403093274479,39.21101409204786,4.359123237089183
2003,29,4952.291545490876,550.5506463595299,39.21101409204786,4.359123237089183
2003,30,48909.0033256311,5437.257307325507,39.21101409204786,4.359123237089183
2003,32,47658.52752087937,5298.240802291618,39.21101409204786,4.359123237089183
2003,35,755.0778996784994,83.9426802523979,39.21101409204786,4.359123237089183
2003,36,61911.693732389256,6882.777939965076,39.21101409204786,4.359123237089183
2003,37,8865.179853665992,985.5499123377057,39.21101409204786,4.359123237089183
2003,38,140419.1849453903,15610.525414916812,39.21101409204786,4.359123237089183
2003,39,898.2850403296698,99.86314517748683,39.21101409204786,4.359123237089183
2003,40,24618.565523932313,2736.867778712715,39.21101409204786,4.359123237089183
2003,41,4842.629570455734,538.3594272679092,39.21101409204786,4.359123237089183
2003,42,74514.02900015553,8283.79073648057,39.21101409204786,4.359123237089183
2004,1,2337.311820949792,259.841029541028,39.21101409204786,4.359123237089183
2004,2,129562.97746395774,14403.631194127673,39.21101409204786,4.359123237089183
2004,3,87803.38071146101,9761.179760763702,39.21101409204786,4.359123237089183
2004,4,6.866302286647857,0.7633329191727126,39.21101409204786,4.359123237089183
2004,5,212.47596741239542,23.621141873456814,39.21101409204786,4.359123237089183
2004,6,4982.333315987918,553.8904166482945,39.21101409204786,4.359123237089183
2004,7,10236.49866243085,1138.0006413780611,39.21101409204786,4.359123237089183
2004,8,101.27286228407284,11.25859398159673,39.21101409204786,4.359123237089183
2004,9,9689.622687483534,1077.2039538809604,39.21101409204786,4.359123237089183
2004,10,167.4742721468316,18.618263470974764,39.21101409204786,4.359123237089183
2004,11,1465.7575372695699,162.94956630428476,39.21101409204786,4.359123237089183
2004,12,53114.44254300405,5904.77971752337,39.21101409204786,4.359123237089183
2004,13,344.3894236364584,38.28607787743732,39.21101409204786,4.359123237089183
2004,14,5235.592112566345,582.0454218356293,39.21101409204786,4.359123237089183
2004,15,60568.33054328542,6733.435061973549,39.21101409204786,4.359123237089183
2004,16,125.00640739489864,13.897073255512952,39.21101409204786,4.359123237089183
2004,20,7609.273815242174,845.9297234070613,39.21101409204786,4.359123237089183
2004,26,9521.926211448548,1058.5609878065295,39.21101409204786,4.359123237089183
2004,29,6148.316673458484,683.5138213293785,39.21101409204786,4.359123237089183
2004,30,51004.89697617287,5670.259664599332,39.21101409204786,4.359123237089183
2004,32,49700.83463067963,5525.285896272196,39.21101409204786,4.359123237089183
2004,35,937.4363358272691,104.21562944542984,39.21101409204786,4.359123237089183
2004,36,64564.79064634743,7177.725078560763,39.21101409204786,4.359123237089183
2004,37,11006.204422098534,1223.5695138079438,39.21101409204786,4.359123237089183
2004,38,146436.5571699243,16279.482025643718,39.21101409204786,4.359123237089183
2004,39,1115.2293519564578,123.98103684299306,39.21101409204786,4.359123237089183
2004,40,25673.542964865283,2854.1505571325783,39.21101409204786,4.359123237089183
2004,41,6012.17029690542,668.3783078156306,39.21101409204786,4.359123237089183
2004,42,77707.17279042915,8638.775365617508,39.21101409204786,4.359123237089183
2005,1,2619.7073981010208,291.2351964840549,39.21101409204786,4.359123237089183
2005,2,50530.35562441398,5617.504481360361,39.21101409204786,4.359123237089183
2005,3,208181.06640670137,23143.67391685236,39.21101409204786,4.359123237089183
2005,4,7.589070948400262,0.8436837527698402,39.21101409204786,4.359123237089183
2005,5,238.14745587635502,26.475064029900302,39.21101409204786,4.359123237089183
2005,6,2348.496816442741,261.0844754168626,39.21101409204786,4.359123237089183
2005,7,6331.042956087148,703.8276643420506,39.21101409204786,4.359123237089183
2005,8,111.93316357713314,12.443709137554283,39.21101409204786,4.359123237089183
2005,9,5992.812531484003,666.2262878533685,39.21101409204786,4.359123237089183
2005,10,185.10314289912967,20.57808067844579,39.21101409204786,4.359123237089183
2005,11,1642.8513430642977,182.63724186840426,39.21101409204786,4.359123237089183
2005,12,32850.08169468443,3651.9727370330343,39.21101409204786,4.359123237089183
2005,13,380.6409419139804,42.3161913382202,39.21101409204786,4.359123237089183
2005,14,5868.159852610456,652.3685389115146,39.21101409204786,4.359123237089183
2005,15,28549.78228809097,3173.9046354094135,39.21101409204786,4.359123237089183
2005,16,138.16497659436166,15.359923071882736,39.21101409204786,4.359123237089183
2005,20,8528.63136586794,948.1355182563947,39.21101409204786,4.359123237089183
2005,26,10672.371703561254,1186.4570342056468,39.21101409204786,4.359123237089183
2005,29,6891.160405282116,766.096418283308,39.21101409204786,4.359123237089183
2005,30,55948.3151036576,6219.823845203801,39.21101409204786,4.359123237089183
2005,32,54517.86243448441,6060.799152419492,39.21101409204786,4.359123237089183
2005,35,1050.6980207790439,116.80703148328952,39.21101409204786,4.359123237089183
2005,36,70822.43991926944,7873.393502007139,39.21101409204786,4.359123237089183
2005,37,12335.981400148432,1371.4020006586,39.21101409204786,4.359123237089183
2005,38,160629.25579606657,17857.296928185795,39.21101409204786,4.359123237089183
2005,39,1249.9721080059082,138.9605086196161,39.21101409204786,4.359123237089183
2005,40,28161.83458416925,3130.776144853911,39.21101409204786,4.359123237089183
2005,41,6738.564732473781,749.132221905817,39.21101409204786,4.359123237089183
2005,42,85238.58779921249,9476.049456409457,39.21101409204786,4.359123237089183
2006,1,2669.4374368446333,296.76372902748096,39.21101409204786,4.359123237089183
2006,2,83099.68250029434,9238.265456012023,39.21101409204786,4.359123237089183
2006,3,122691.04856547013,13639.672759523017,39.21101409204786,4.359123237089183
2006,4,7.22768661752406,0.8035083359712765,39.21101409204786,4.359123237089183
2006,5,242.66822114044857,26.977641516569598,39.21101409204786,4.359123237089183
2006,6,1629.93406587858,181.20121669935355,39.21101409204786,4.359123237089183
2006,7,7059.724289621814,784.8358149088141,39.21101409204786,4.359123237089183
2006,8,106.60301293060299,11.851151559575506,39.21101409204786,4.359123237089183
2006,9,6682.564703022564,742.9066489306975,39.21101409204786,4.359123237089183
2006,10,176.28870752298062,19.598172074710277,39.21101409204786,4.359123237089183
2006,11,1674.0376736445014,186.1042539174316,39.21101409204786,4.359123237089183
2006,12,54007.01657622888,6004.00796497239,39.21101409204786,4.359123237089183
2006,13,362.51518277521933,40.30113460782876,39.21101409204786,4.359123237089183
2006,14,5979.555429473569,664.7524840569536,39.21101409204786,4.359123237089183
2006,15,19814.488313959762,2202.7942515756304,39.21101409204786,4.359123237089183
2006,16,131.58569199463017,14.628498163697845,39.21101409204786,4.359123237089183
2006,20,8690.530808745432,966.1340230097364,39.21101409204786,4.359123237089183
2006,26,10874.965878272924,1208.9796084142963,39.21101409204786,4.359123237089183
2006,29,7021.975653653573,780.6392655456352,39.21101409204786,4.359123237089183
2006,30,48533.187912430505,5395.477574297098,39.21101409204786,4.359123237089183
2006,32,47292.32072877725,5257.529268198549,39.21101409204786,4.359123237089183
2006,35,1070.6434747328155,119.02438530127739,39.21101409204786,4.359123237089183
2006,36,61435.96600988642,6829.890866837574,39.21101409204786,4.359123237089183
2006,37,12570.155962320741,1397.4353945694072,39.21101409204786,4.359123237089183
2006,38,139340.20785685314,15490.574574372677,39.21101409204786,4.359123237089183
2006,39,1273.7003920900884,141.59840302053084,39.21101409204786,4.359123237089183
2006,40,24429.3971552133,2715.837763271912,39.21101409204786,4.359123237089183
2006,41,6866.483249429215,763.353036965724,39.21101409204786,4.359123237089183
2006,42,73941.46528603748,8220.138320221533,39.21101409204786,4.359123237089183
2007,1,2628.5877621623804,292.2224344382381,39.21101409204786,4.359123237089183
2007,2,65513.900290761434,7283.23844008205,39.21101409204786,4.359123237089183
2007,3,114329.6467414599,12710.128297854153,39.21101409204786,4.359123237089183
2007,4,7.22768661752406,0.8035083359712765,39.21101409204786,4.359123237089183
2007,5,238.9547353878003,26.564810009662676,39.21101409204786,4.359123237089183
2007,6,1860.5331394191035,206.83712036565512,39.21101409204786,4.359123237089183
2007,7,9497.8121761402,1055.880209099663,39.21101409204786,4.359123237089183
2007,8,106.60301293060299,11.851151559575506,39.21101409204786,4.359123237089183
2007,9,8990.399879711516,999.470733768199,39.21101409204787,4.359123237089183
2007,10,176.28870752298062,19.598172074710277,39.21101409204786,4.359123237089183
2007,11,1648.4203306679055,183.25635116287344,39.21101409204786,4.359123237089183
2007,12,69115.91417056572,7683.677519951628,39.21101409204786,4.359123237089183
2007,13,362.51518277521933,40.30113460782876,39.21101409204786,4.359123237089183
2007,14,5888.051919907441,654.5799576874858,39.21101409204786,4.359123237089183
2007,15,22617.79351723847,2514.4401790076245,39.21101409204786,4.359123237089183
2007,16,131.58569199463017,14.628498163697845,39.21101409204786,4.359123237089183
2007,20,8557.54198066749,951.3495369623486,39.211014092047854,4.359123237089183
2007,26,10708.549234759765,1190.4789224571914,39.21101409204786,4.359123237089183
2007,29,6914.520271062734,768.693355294438,39.21101409204786,4.359123237089183
2007,30,48634.36898521529,5406.725963958593,39.21101409204786,4.359123237089183
2007,32,47390.914865112434,5268.490065838991,39.21101409204786,4.359123237089183
2007,35,1054.2597089850747,117.20298752221593,39.21101409204786,4.359123237089183
2007,36,61564.04655056026,6844.129694218056,39.21101409204786,4.359123237089183
2007,37,12377.79828625063,1376.0508209998154,39.21101409204786,4.359123237089183
2007,38,139630.70168838237,15522.869031442253,39.211014092047854,4.359123237089183
2007,39,1254.209301592369,139.431561191208,39.21101409204786,4.359123237089183
2007,40,24480.327100637653,2721.4996905059743,39.21101409204786,4.359123237089183
2007,41,6761.407324787251,751.6716531665146,39.21101409204786,4.359123237089183
2007,42,74095.6170552231,8237.27550921435,39.21101409204786,4.359123237089183
2008,1,2962.4894508694933,329.3425815155278,39.21101409204786,4.359123237089183
2008,2,89854.68894720465,9989.225517904066,39.21101409204786,4.359123237089183
2008,3,173709.78837318407,19311.471343990528,39.21101409204786,4.359123237089183
2008,4,7.950455279276465,0.883859169568404,39.21101409204786,4.359123237089183
2008,5,269.30844501814255,29.93925884872794,39.21101409204787,4.359123237089183
2008,6,1800.7190452584216,200.1875344317339,39.21101409204786,4.359123237089183
2008,7,9949.494783570934,1106.0941654441292,39.21101409204786,4.359123237089183
2008,8,117.2633142236633,13.036266715533058,39.21101409204786,4.359123237089183
2008,9,9417.951739466582,1047.0020534770913,39.21101409204786,4.359123237089183
2008,10,193.9175782752787,21.557989282181307,39.21101409204786,4.359123237089183
2008,11,1857.8142645635583,206.5348606349141,39.21101409204786,4.359123237089183
2008,12,70821.922429963,7873.3359722616615,39.21101409204786,4.359123237089183
2008,13,398.7667010527413,44.331248068611636,39.21101409204786,4.359123237089183
2008,14,6635.993650274061,737.7293036640043,39.21101409204786,4.359123237089183
2008,15,21890.656331405087,2433.603692711271,39.21101409204786,4.359123237089183
2008,16,144.74426119409318,16.091347980067628,39.21101409204786,4.359123237089183
2008,20,9644.58109713066,1072.1966403062145,39.21101409204786,4.359123237089183
2008,26,12068.824407823844,1341.701920715267,39.21101409204786,4.359123237089183
2008,29,7792.851224413946,866.3381869129206,39.21101409204786,4.359123237089183
2008,30,51611.98341288152,5737.750002568302,39.21101409204786,4.359123237089183
2008,32,50292.39944869075,5591.050682114847,39.21101409204786,4.359123237089183
2008,35,1188.1791855318274,132.09093458584877,39.21101409204786,4.359123237089183
2008,36,65333.27389039048,7263.158042843652,39.21101409204786,4.359123237089183
2008,37,13950.113203693278,1550.8464658295218,39.21101409204786,4.359123237089183
2008,38,148179.52015909966,16473.248768061167,39.21101409204786,4.359123237089183
2008,39,1413.5277804432917,157.14313788306418,39.21101409204786,4.359123237089183
2008,40,25979.122637411383,2888.122120536952,39.21101409204786,4.359123237089183
2008,41,7620.288795773739,847.1542685687475,39.21101409204786,4.359123237089183
2008,42,78632.0834055429,8741.598499574415,39.21101409204786,4.359123237089183
2009,1,1297.1708130528016,144.20763054937402,39.21101409204786,4.359123237089183
2009,2,33468.76468740094,3720.7522744255484,39.21101409204786,4.359123237089183
2009,3,236119.658895116,26249.632039789878,39.21101409204786,4.359123237089183
2009,4,0.20911872735207312,0.023247914516340194,39.21101409204786,4.359123237089183
2009,5,117.920775881122,13.10935731150172,39.21101409204786,4.359123237089183
2009,6,0,0,0,0
2009,7,17935.043644224806,1993.8547196004408,39.21101409204786,4.359123237089183
2009,8,529.3486902426462,58.84816370070397,39.21101409204786,4.359123237089183
2009,9,16976.879646738482,1887.3347776122034,39.21101409204786,4.359123237089183
2009,10,5.10056289302375,0.5670341036582319,39.21101409204786,4.359123237089183
2009,11,813.47207476391,90.43441252251766,39.21101409204786,4.359123237089183
2009,12,93060.12500579304,10345.576689419162,39.21101409204786,4.359123237089183
2009,13,10.488655316620155,1.1660331204178263,39.21101409204786,4.359123237089183
2009,14,2905.670187690549,323.0259335998124,39.21101409204786,4.359123237089183
2009,15,0,0,0,0
2009,16,3.8071701090279517,0.42324647995219333,39.21101409204786,4.359123237089183
2009,20,0,0,0,0
2009,26,5284.517305232428,587.4844789263011,39.21101409204786,4.359123237089183
2009,29,3412.2177737394663,379.3392783109118,39.21101409204786,4.359123237089183
2009,30,50629.08156297228,5628.479931570922,39.21101409204786,4.359123237089183
2009,32,49334.62783857752,5484.574362179127,39.21101409204786,4.359123237089183
2009,35,520.2622273292386,57.83801355422214,39.21101409204786,4.359123237089183
2009,36,64089.06292384458,7124.83800543326,39.21101409204786,4.359123237089183
2009,37,49145.253105093114,5463.521404984203,39.21101409204786,4.359123237089183
2009,38,145357.58008138716,16159.531185099582,39.21101409204786,4.359123237089183
2009,39,4979.757477708097,553.6040584206243,39.21101409204786,4.359123237089183
2009,40,25484.374596146266,2833.120541691775,39.21101409204786,4.359123237089183
2009,41,26845.73351727762,2984.4640211843353,39.21101409204786,4.359123237089183
2009,42,77134.60907631111,8575.12294935847,39.21101409204786,4.359123237089183
2010,1,1010.0920265575095,112.2928270671355,39.21101409204786,4.359123237089183
2010,2,41789.21177449223,4645.743761643073,39.21101409204786,4.359123237089183
2010,3,224272.7201834287,24932.59734884163,39.21101409204786,4.359123237089183
2010,4,0.20911872735207312,0.023247914516340194,39.21101409204786,4.359123237089183
2010,5,91.82355498939827,10.208106103218553,39.21101409204786,4.359123237089183
2010,6,0,0,0,0
2010,7,16742.20228316463,1861.2454868233417,39.21101409204786,4.359123237089183
2010,8,529.3486902426462,58.84816370070397,39.21101409204786,4.359123237089183
2010,9,15847.764790589743,1761.810076944521,39.21101409204786,4.359123237089183
2010,10,5.10056289302375,0.5670341036582319,39.21101409204786,4.359123237089183
2010,11,633.4413696932087,70.42023925933752,39.21101409204786,4.359123237089183
2010,12,86870.7915213393,9657.502992808288,39.21101409204786,4.359123237089183
2010,13,10.488655316620155,1.1660331204178263,39.21101409204786,4.359123237089183
2010,14,2262.6120313983783,251.5365876391982,39.21101409204786,4.359123237089183
2010,15,0,0,0,0
2010,16,3.8071701090279517,0.42324647995219333,39.21101409204786,4.359123237089183
2010,20,0,0,0,0
2010,26,4114.992983582629,457.46742211474276,39.21101409204786,4.359123237089183
2010,29,2657.054823813519,295.3871429470215,39.21101409204786,4.359123237089183
2010,30,44659.39826867054,4964.824941542718,39.21101409204786,4.359123237089183
2010,32,43517.57379480158,4837.887301393065,39.21101409204786,4.359123237089183
2010,35,405.12222619899734,45.03779743976314,39.21101409204786,4.359123237089183
2010,36,56532.31102408788,6284.747189984858,39.21101409204786,4.359123237089183
2010,37,47550.70978400777,5286.2546087934325,39.21101409204786,4.359123237089183
2010,38,128218.4440211627,14254.158217994673,39.21101409204786,4.359123237089183
2010,39,4818.186653976163,535.6420865493498,39.21101409204786,4.359123237089183
2010,40,22479.507816109606,2499.066834882096,39.21101409204786,4.359123237089183
2010,41,25974.709717927693,2887.6315323614053,39.21101409204786,4.359123237089183
2010,42,68039.65469435933,7564.028798782229,39.21101409204787,4.359123237089183
2011,1,910.8549151764208,101.26054932018887,39.21101409204786,4.359123237089183
2011,2,44921.0654533412,4993.914714696861,39.21101409204786,4.359123237089183
2011,3,246538.74257296498,27407.930819379435,39.21101409204786,4.359123237089183
2011,4,5.227968183801829,0.5811978629085048,39.21101409204786,4.359123237089183
2011,5,5324.80229344658,889.2052044509725,47.48848576942819,6.860412682374379
2011,6,2.9803259091858747,0.33132547641673565,39.21101409204786,4.359123237089183
2011,7,18793.490146745095,2089.288979172244,39.21101409204786,4.359123237089183
2011,8,529.3486902426462,58.84816370070397,39.21101409204786,4.359123237089183
2011,9,17789.46439677021,1977.670545456728,39.21101409204786,4.359123237089183
2011,10,127.51407232559374,14.175852591455797,39.21101409204786,4.359123237089183
2011,11,571.2085333724723,63.50175961280612,39.21101409204786,4.359123237089183
2011,12,97514.37337117398,10840.759433423642,39.21101409204786,4.359123237089183
2011,13,262.2163829155039,29.150828010445657,39.21101409204786,4.359123237089183
2011,14,8575.320323050468,662.8242211342945,34.61009420198724,4.179561618544591
2011,15,36.23068818279066,4.0277977606645186,39.21101409204786,4.359123237089183
2011,16,95.1792527256988,10.581161998804832,39.21101409204786,4.359123237089183
2011,20,0,0,0,0
2011,26,4574.712971160476,496.52325432803116,39.42855015723086,4.106801921023043
2011,29,2396.010841123068,266.3666517101211,39.21101409204786,4.359123237089183
2011,30,40356.79360215606,4486.500562127717,39.21101409204786,4.359123237089183
2011,32,70557.97552111966,8359.7924303019,39.61708141372278,5.5140465415191215
2011,35,2462.320744326815,305.6130313755057,43.98922797625649,5.2609569673818015
2011,36,168665.83850876687,20252.258006614866,39.63787731429373,4.936955783299927
2011,37,152722.61628100323,17796.519629854476,35.88254289680859,4.0940548669992225
2011,38,163645.53966137217,18573.87487689323,39.62717004283272,4.69765388877052
2011,39,7229.691485796065,803.7312189564317,39.21101409204786,4.359123237089183
2011,40,20398.77251782653,2267.3001196431587,39.42855015723085,4.27847206561356
2011,41,50542.31408925983,5618.833914510626,26.14067606136524,2.9060821580594554
2011,42,77414.53422375162,8909.290238278127,39.602579009377244,4.950526274052765
2012,1,754.9108830061385,83.92411286070127,39.21101409204786,4.359123237089183
2012,2,42396.88487635845,4713.299319698286,39.21101409204786,4.359123237089183
2012,3,240035.88813819722,26685.002720466702,39.21101409204786,4.359123237089183
2012,4,6.900918002618413,0.7671811790392263,39.21101409204786,4.359123237089183
2012,5,6172.626025307866,751.6292161403002,49.82332882820215,5.862729935376275
2012,6,-2.9803259091967167,-0.33132547641794097,39.21101409204786,4.359123237089183
2012,7,18074.790749286247,2009.390529298176,39.21101409204786,4.359123237089183
2012,8,529.3486902426462,58.84816370070397,39.21101409204786,4.359123237089183
2012,9,17109.16088511574,1902.0406002845677,39.21101409204786,4.359123237089183
2012,10,168.31857546978375,18.71212542072165,39.21101409204786,4.359123237089183
2012,11,473.4140762970296,52.62986302539963,39.21101409204786,4.359123237089183
2012,12,93785.23520480856,10426.187833791984,39.21101409204786,4.359123237089183
2012,13,346.12562544846514,38.47909297378827,39.21101409204786,4.359123237089183
2012,14,8755.004781360893,1048.9905023408744,39.50106217895852,4.714995124684407
2012,15,-36.23068818292247,-4.027797760679172,39.21101409204786,4.359123237089183
2012,16,125.63661359792242,13.967133838422379,39.21101409204786,4.359123237089183
2012,20,0,0,0,0
2012,26,3633.415808782807,397.896704948913,39.42855015723086,4.168970963038476
2012,29,1985.7988683237877,220.76302262356344,39.21101409204786,4.359123237089183
2012,30,45444.75611933332,5052.133870820036,39.21101409204786,4.359123237089183
2012,32,65922.85209111754,7520.963968792686,39.612619135462616,5.028390475073836
2012,35,2434.775558527672,302.659827560244,43.83277977329666,5.236379800362773
2012,36,190806.45998265152,22289.267612033356,39.63802933111077,4.756028065951911
2012,37,161778.32960545114,19197.47769098443,41.26048946800386,4.831919243629493
2012,38,179893.22947541336,20352.824718106134,39.626310216488115,4.6889629528862
2012,39,6843.850712704881,760.8369577712987,39.21101409204786,4.359123237089183
2012,40,22874.82120202242,2543.0141748417227,39.21101409204786,4.359123237089183
2012,41,48658.312325451596,5409.387766342805,39.21101409204786,4.359123237089183
2012,42,75913.16604565726,8566.046027631242,39.597744874595406,4.846723881905466
2013,1,574.1575729905843,63.82960696447702,39.21101409204786,4.359123237089183
2013,2,42864.32572394785,4765.26513358691,39.21101409204786,4.359123237089183
2013,3,242680.30845264258,26978.98527379391,39.21101409204786,4.359123237089183
2013,4,3.555018364985243,0.3952145467777833,39.21101409204786,4.359123237089183
2013,5,6439.1944417834475,1026.8025024165663,49.174951490468374,6.906413470396444
2013,6,-5.421181247932137e-12,-6.02677530727921e-13,39.21101409204786,4.359123237089183
2013,7,18583.86948915293,2065.985264625641,39.211014092047854,4.359123237089183
2013,8,529.3486902426462,58.84816370070397,39.21101409204786,4.359123237089183
2013,9,17591.042539204325,1955.6118114481812,39.21101409204786,4.359123237089183
2013,10,86.70956918140375,9.639579762189943,39.21101409204786,4.359123237089183
2013,11,360.0614101414028,40.028346526360274,39.21101409204786,4.359123237089183
2013,12,96426.70807265074,10719.842716864408,39.21101409204786,4.359123237089183
2013,13,178.30714038254263,19.822563047103046,39.21101409204786,4.359123237089183
2013,14,7182.116312584341,878.9786919212285,37.952366771487235,4.550369493895698
2013,15,-6.590323788779018e-11,-7.326521446287816e-12,39.21101409204786,4.359123237089183
2013,16,64.72189185347519,7.195190159187286,39.21101409204786,4.359123237089183
2013,20,0,0,0,0
2013,26,2749.0486432995995,300.0341136231169,39.42855015723085,4.113517044028193
2013,29,1510.325899851895,167.90427072778064,39.21101409204786,4.359123237089183
2013,30,50498.991612248996,5614.017716291857,39.21101409204786,4.359123237089183
2013,32,70057.8639490037,7926.481908069988,39.612619135462616,4.747232394278245
2013,35,2524.280002260483,314.600432228918,44.00976236517287,5.254029703650975
2013,36,196481.3879429782,22419.530941658355,39.63845337802146,4.600748680283402
2013,37,166632.6645170691,19528.4647376827,41.153847165476215,4.750087029487998
2013,38,196884.08801227817,22005.00974029584,39.62717004283272,4.537770123838486
2013,39,7123.585273195989,791.9352971305201,39.21101409204786,4.359123237089183
2013,40,25418.89323774353,2825.8409209622664,39.21101409204786,4.359123237089183
2013,41,46833.41733247217,5206.512570346343,39.21101409204786,4.359123237089183
2013,42,82066.41394450102,9100.08942065342,39.53731818982235,4.483841588120609
2014,1,800.9852561473584,89.0462418146408,39.21101409204786,4.359123237089183
2014,2,47680.22275072361,5300.652680248307,39.21101409204786,4.359123237089183
2014,3,551059.4214692555,59453.300611820356,39.51398349604369,4.136776124797059
2014,4,2.7185434555769508,0.30222288871242253,39.21101409204786,4.359123237089183
2014,5,6222.814468167032,1118.0948490502715,58.04300704602393,9.117061618544591
2014,6,62.962204379665096,6.999564140969717,39.21101409204786,4.359123237089183
2014,7,19577.07212869676,2176.400483548832,39.21101409204786,4.359123237089183
2014,8,529.3486902426462,58.84816370070397,19.60550704602393,2.1795616185445916
2014,9,18531.184197671268,2060.128194012486,39.21101409204786,4.359123237089183
2014,10,66.30731760930875,7.3714433475570145,39.21101409204786,4.359123237089183
2014,11,502.3078931602286,55.842014289860636,39.21101409204786,4.359123237089183
2014,12,148368.38194000637,16229.376880200556,40.501916995864484,4.38974984362579
2014,13,136.352519116062,15.158430565431741,39.21101409204786,4.359123237089183
2014,14,6053.211645950994,602.464101075294,39.44904653454801,3.9206627252325474
2014,15,4085.407564035143,415.0910382066878,46.3460592545358,4.837508073005109
2014,16,49.49321141736337,5.502204239378512,39.21101409204786,4.359123237089183
2014,20,0,0,0,0
2014,26,3263.1172431216633,362.7636399927433,13.07033803068262,1.4530410790297277
2014,29,2106.9978602872116,234.23682212641003,9.802753523011965,1.0897808092722958
2014,30,51708.34633934322,5748.462754626869,39.21101409204786,4.359123237089183
2014,32,73816.29862615284,8193.489537010506,10.802680966786367,1.2045537910667221
2014,35,2572.2548179683276,312.714183232935,17.846647262854017,2.1029357585289477
2014,36,207645.25535769892,22787.718830825062,18.34500625061826,2.0049902923989125
2014,37,131385.5326680268,14167.072124014197,29.2084737937902,3.103312155087395
2014,38,198126.18095103226,21830.00539384171,16.44865707099507,1.7803620275008953
2014,39,5447.589415081158,605.6133501075982,19.60550704602393,2.1795616185445916
2014,40,26027.627347339334,2893.51443218844,3.9211014092047862,0.4359123237089183
2014,41,40979.63626882816,4553.39288246267,19.719304552469424,2.1893558686998156
2014,42,86853.8946142911,9687.919631948525,5.27647656009149,0.6068207368456197
2015,1,354.41825493245943,39.40099195338088,39.21101409204786,4.359123237089183
2015,2,46414.9590819229,5159.992195243598,39.21101409204786,4.359123237089183
2015,3,267622.3468132223,29751.81381484465,39.21101409204786,4.359123237089183
2015,5,32.21879122435027,3.5817916151644043,39.21101409204786,4.359123237089183
2015,6,196.75688868645344,21.873637940530365,39.21101409204786,4.359123237089183
2015,7,21583.441279936043,2399.4503227806053,39.21101409204786,4.359123237089183
2015,8,725.4037607028855,80.64377988614989,39.21101409204786,4.359123237089183
2015,9,20430.364834373333,2271.261790951433,39.21101409204786,4.359123237089183
2015,11,222.26012971691532,24.708855880469308,39.21101409204786,4.359123237089183
2015,12,114088.21835797818,12683.288490190484,39.21101409204786,4.359123237089183
2015,14,793.898958385396,88.25845180322744,19.60550704602393,2.1795616185445916
2015,15,2391.8986376098214,265.9094943958994,39.21101409204786,4.359123237089183
2015,20,0,0,0,0
2015,26,3404.4078918243677,378.47104680700045,39.21101409204786,4.359123237089183
2015,29,932.2999381801822,103.64461156035843,19.60550704602393,2.1795616185445916
2015,30,56565.03783301243,6288.385458378629,39.21101409204786,4.359123237089183
2015,32,73638.81717024173,7934.607823751709,39.602579009377244,4.078318293889505
2015,35,338.2032200037471,37.598352129222455,26.14067606136524,2.9060821580594554
2015,36,217473.12131004332,23058.18254508817,39.63771945067604,4.188745725141131
2015,37,221034.18808901779,24572.56686165082,24.506883807529913,2.7244520231807394
2015,38,216559.88486443524,23651.1393331813,39.62717004283272,4.132413668381054
2015,39,4386.527289080401,487.65413184848205,19.60550704602393,2.1795616185445916
2015,40,28472.26472770814,3165.2869394234335,39.21101409204786,4.359123237089183
2015,41,25804.251909652456,2868.6815865310946,15.684405636819145,1.7436492948356732
2015,42,86278.17953520105,9593.504703603774,39.42855015723085,4.756557223001492
2016,1,255.1811435513708,28.36871420643423,39.21101409204786,4.359123237089183
2016,2,39615.61183320153,4404.1027270609675,39.21101409204786,4.359123237089183
2016,3,228871.64942685145,25443.864394464887,39.21101409204786,4.359123237089183
2016,5,23.197529681532195,2.578889962918371,39.21101409204786,4.359123237089183
2016,6,-5.421181247932137e-12,-6.02677530727921e-13,39.21101409204786,4.359123237089183
2016,7,19018.083708450988,2114.2572447578905,39.21101409204786,4.359123237089183
2016,8,529.3486902426462,58.84816370070397,39.21101409204786,4.359123237089183
2016,9,18002.059244162232,2001.304903323028,39.21101409204786,4.359123237089183
2016,11,160.02729339617903,17.790376233937902,39.21101409204786,4.359123237089183
2016,12,98679.72904816318,10970.313058308535,39.21101409204786,4.359123237089183
2016,14,571.6072500374851,63.54608529832375,39.21101409204786,4.359123237089183
2016,15,-6.590323788779018e-11,-7.326521446287816e-12,39.21101409204786,4.359123237089183
2016,20,0,0,0,0
2016,26,1039.577174799822,115.57071716582973,39.21101409204786,4.359123237089183
2016,29,671.255955489731,74.62412032345806,39.21101409204786,4.359123237089183
2016,30,54767.86925450189,6088.59263248636,39.21101409204786,4.359123237089183
2016,32,53367.59751057391,5932.923179947672,39.21101409204786,4.359123237089183
2016,35,102.34666767132563,11.377969879519108,39.21101409204786,4.359123237089183
2016,36,69328.16694474129,7707.273849234856,39.21101409204787,4.359123237089183
2016,37,55975.610316309445,6222.858278219296,39.21101409204786,4.359123237089183
2016,38,157240.16109489225,17480.52826237409,39.21101409204786,4.359123237089183
2016,39,5671.859364440408,630.5456394214567,39.21101409204786,4.359123237089183
2016,40,27567.65188755183,3064.7203271231833,39.21101409204786,4.359123237089183
2016,41,30576.835463746713,3399.253935993006,39.21101409204786,4.359123237089183
2016,42,83440.15049204687,9276.115584826584,39.21101409204786,4.359123237089183
2017,1,411.12517572165297,45.70515066592181,39.21101409204786,4.359123237089183
2017,2,39335.14732464789,4372.9232387277925,39.21101409204786,4.359123237089183
2017,3,263294.2347173666,29270.653751871483,39.21101409204786,4.359123237089183
2017,5,37.37379782024631,4.154878273590708,39.21101409204786,4.359123237089183
2017,6,0,0,0,0
2017,7,21096.821896239948,2345.352414011705,39.21101409204786,4.359123237089183
2017,8,529.3486902426462,58.84816370070397,39.21101409204786,4.359123237089183
2017,9,19969.74266502395,2220.0540155744493,39.21101409204786,4.359123237089183
2017,11,257.8217504716218,28.662272821344395,39.21101409204786,4.359123237089183
2017,12,109465.74325851878,12169.403830854264,39.21101409204786,4.359123237089183
2017,14,920.9227917270592,102.37980409174382,39.21101409204786,4.359123237089183
2017,15,0,0,0,0
2017,20,0,0,0,0
2017,26,1674.8743371774908,186.19726654494792,39.21101409204786,4.359123237089183
2017,29,1081.4679282890113,120.22774941001578,39.21101409204786,4.359123237089183
2017,30,56622.85558888943,6294.813109613768,39.21101409204786,4.359123237089183
2017,32,55175.15667671898,6133.871136689104,39.21101409204786,4.359123237089183
2017,35,164.8918534704691,18.331173694780787,39.21101409204786,4.359123237089183
2017,36,71676.3101904284,7968.319017877016,39.21101409204786,4.359123237089183
2017,37,65209.68208617682,7249.418232279282,39.21101409204786,4.359123237089183
2017,38,162565.88133959478,18072.59330864963,39.21101409204786,4.359123237089183
2017,39,6607.523239186531,734.5642227954046,39.21101409204786,4.359123237089183
2017,40,28501.367553664913,3168.522326414326,39.21101409204786,4.359123237089183
2017,41,35620.97328684779,3960.015214549675,39.21101409204786,4.359123237089183
2017,42,86266.26626044996,9590.29738302824,39.21101409204786,4.359123237089183
2018,1,411.12517572165297,45.70515066592181,39.21101409204786,4.359123237089183
2018,5,37.37379782024631,4.154878273590708,39.21101409204786,4.359123237089183
2018,8,705.7982536568616,78.4642182676053,39.21101409204786,4.359123237089183
2018,11,257.8217504716218,28.662272821344395,39.21101409204786,4.359123237089183
2018,14,920.9227917270592,102.37980409174382,39.21101409204786,4.359123237089183
2018,20,1.7831104783930578e-11,1.982299744253934e-12,39.21101409204786,4.359123237089183
2018,26,1674.8743371774908,186.19726654494792,39.21101409204786,4.359123237089183
2018,29,1081.4679282890113,120.22774941001578,39.21101409204786,4.359123237089183
2018,30,53572.968966376924,5955.754506960133,39.21101409204786,4.359123237089183
2018,32,52203.2477100441,5803.481379241503,39.21101409204786,4.359123237089183
2018,35,164.8918534704691,18.331173694780787,39.21101409204786,4.359123237089183
2018,36,67815.59675011685,7539.120078265362,39.211014092047854,4.359123237089183
2018,37,65542.87024282152,7286.45905536392,39.21101409204786,4.359123237089183
2018,38,153809.56727492803,17099.146102695304,39.21101409204786,4.359123237089183
2018,39,6641.284306832008,738.3174706491037,39.21101409204786,4.359123237089183
2018,40,26966.19348444522,2997.8556626447325,39.21101409204786,4.359123237089183
2018,41,35802.97825984628,3980.2488689305856,39.21101409204786,4.359123237089183
2018,42,81619.69150356902,9073.733543387592,39.21101409204786,4.359123237089183
2019,8,784.2202818409572,87.18246474178366,39.21101409204786,4.359123237089183
